"text","is_toxic"
"Votaram no PEZAO Agora tomem no CZAO",True
"cuidado com a poupanca pessoal Lembram o que aconteceu na epoca do Collor ne",False
"Sabe o que eu acho engracado os nossos governantes  nao pensam em cortar regalias e beneficios desnecessarios que os favorecem porque sera ne e mais do que claro ate mesmo para quem nao quer enxergar eles sao estao la para defender seus proprios interesses  e os dos empresario o no casso eles tambem ou comecamos a tomar uma atitude para mudar de uma vez por todas essa roubalheira nesse pais o a tendencia e so piorar para o povo porque dinheiro para investimentos nao tem mais para aumentos de salario e regalias nao falta",False
"Podiam retirar dos lucros dos bancos ",False
"CADE O GALVAO PRA NARRAR AGORA   FALIIIIUUUUUUU FALIIIUUUUUUU FALIIUUUUUUU  ",False
"Nao e possivel que deputados tenham tantos cargos comissionados ao seu dispor E esse tipo de coisa que precisa ser cortado",False
"Sejam honestos aprovem o projeto original vamos acabar com esta farra no Brasil",False
"Nao a pizza anunciada de anistia do caixa  Sim a divulgacao da lista da Odebrecht",False
"quem ja viu bandidos fazendo leis contra anticorrupcao ",False
"Olha os caras fazendo algo de util e de interesse publico",False
"Mas ai o MBL mobiliza o povo e vai pras ruas  ironia",False
"Enquanto isso o teori segura a bronca no stf",False
"AVANTE  MEDIDAS o Brasil clama por elas pra cima dos corruptos Cadeia neles",False
"Havia previsao entrar em plenario no comeco de novembro   E preciso aprovar o projeto de lei  medidas anti corrupcao com mais de dois milhoes de assinaturas   E necessario tambem preservar o conteudo original do projeto  ",False
"baguncado do jeito que esta daqui ha pouco vai ter juiz de primeira instancia mandando grampear ministro do stf se e que ja nao esta acontecendo e depois vai dizer que a prova foi colhida de boa fe a lei da magistratura resquicio da monarquia tambem precisa ser revogada",False
"Politicos jamais aprovam leis que prejudicam eles direta ou indiretamente esta PEC e um desdobro pela crise que o Brasil esta devido as dezenas e centenas de bilhoes de reais desviados todos os anos pelo Brasil muito dinheiro meu amigo que faz  a diferenca",False
"Limitar por   ou  anos o salario de politico e a mesma coisa que nada Isso nem faz cocegas para eles pois mesmo que ganhassem o triplo do que ganham nao teriam  por cento do patrimonio e luxo que ostentam",False
"o problema nem sao os salarios  O PROBLEMA sao as verbas eventuais  desembargador recebendo  MIL  e a justica e cega tem cara pedindo vista nao ta enxergando nadaou se faz de cego ne STF ",False
" para o Judiciario Acreditam mesmo neste indice ",False
"Quem gera a riqueza de uma nacao e o trabalhador Politicos e funcionarios publicos nao geram riqueza eles se utilizam dela E no caso do Brasil roubam mesmo E podem inventar medidas que se nao parar a corrupcao o pais nao mudara nada So vai piorar",False
"pois aquela novinha para receber alguem  sabe qual e o salario dela aivamos mandar cortar ela",False
"Renato voce tem toda a razao temos de acabar e com aquele desgoverno passado tipo populista que ao inves de ensinar a pescar quer dar o peixe e com isso se perpetuar no poder a qualquer custo",False
"Nossa que coisa relevante a mulher dele e voluntaria",False
"Diminua seu salario tbm presidente Coloque um teto no salario de todos os politicos Estabeleca que o aumento dos seus salarios acompanhem o aumento do salario minimo ",False
"nao esqueca da justica tb juizes desembargadores etc etc",False
"Voces sao idiotas ou se fazem Voces sabem que ele e do executivo e quer que interfira nos outros poderes Esses salarios sao vinculados a texto constitucional se informem mais nao que ele seja santo mas pra nao passarem vergonha de falar coisa que nao sabem",True
"Falei alguma mentira",False
"voce falou tudo",False
"Resumiu bem a opera",False
"Nunca vi tanta hipocrisia numa pessoa so Tentando cortar gastos com necessidades basicas da populacao e concedendo aumentos absurdos as classes que apoiaram o golpe Sabemos bem que carne ele esta cortando",False
"Os Ricos continuam ricos e os pobres continuam pobres retiraram foi a dignidade delesisso sim",False
"Alexandre Acioni vai estudar pra saber o que e comunista Essas medidas do Temer sao pior que comunismo voce e mais um pobre metido a besta que fica repetindo mazelas igual a um papagaio de repeticao",True
"Porque nao corta os gastos dos politicos",False
"Saude educacao emprego e seguranca nao existe mais neste pais lamentavel",False
"Sem a Pec o dinheiro tera que sair de algum lugar  ou seja novos imposto e aumento dos ja existentes O problema da educacao  saude e seguranca e a corrupcao se isso resolver vai sobrar dinheiro para essas areas ",False
"fim da isencao de impostos para todas as igrejaschega desta bagunca",False
"Vai taxar dinheiro de doacoes Coitados dos mendigos",False
"Unico corte verdadeiramente na carne e acabando com o excesso de beneficios e diminuindo o salario dos politicos Ahh claro diminuir a quantidade deles tambem e bem vindo",False
"Deveriam mas isso nao sou quem vai saber te responder pergunta la na PF",False
"enquanto um presidente nao tiver coragem de propor acabar com TODAS as regalias e beneficios dos deputados e senadores  para mim ele continuara a ser um presidente qualquer Caso fosse  candidato reeleicao nao teria o meu voto",False
"Paulo Bertazzi  o que voce quer e uma ditadura de novo",False
"Sr presidente o Brasil esta ao seu lado que venham as reformas chega de mimimi e vamos trabalhar",False
"Mais um pobre metido a besta ja ja fica sem dinheiro e vai sentir falta dos bons tempos",True
"Bons tempos O Brasil TEVE bons tempos Entao me lembra ai por que eu nao lembro nao HAHAHA",False
"Sabe o que e engracado e que SIM O POVO VAI PAGAR O PATO RECHEADO E BEM GORDO",False
"pra que ele iria fazer isso kkk pra que um politico iria ser contra politicos receberem muito",False
"Martin Sales deixa de ser idiot  agora ninguem pode discordar do temer que e mortadela so nesse pais mesmo que pobre metido a besta defende a direita",True
"Viva a lava jato que venha as delacoes politicos corruptos cana ",False
"Bernardo Cabas   Os deputados federais ja estao se movimentando para anistiarem o caixa dois que existe ate os dias de hoje So querem condenacoes daqui por diante Estao quebrando a espinha dorsal da lava a jato que e a delacao premiada",False
"Repatriacao do dinheiro dos  parentes laranjas",False
"Cortar a propria carne   Estou vendo so  o ze povinho se ferrar Cortar na carne e diminuir o inchaco da maquina publica  e diminuir o ganho dos politicos ",False
"Que carne  Ele nao recebe salario minimo ja e aposentado nao precisa do SUS e muito menos de educacao publica a unica carne que ele esta cortando e da pobre quando politicos e ricos serao atingindos ",False
"Sem reforma tributaria e a do mercado da divida NUNCA cortarao da carne Juros da Divida publica levam cerca de quarenta e tres por cento do orcamento Os gastos primarios nao chegam a  por cento A PEC nao vai resolver nada",False
"Perfeito Marcio Lembrando que muitos politicos sao donossocios de empresas de plano de saude escolasfaculdadesuniversidades particulares preciso desenhar",False
"O Brasil esta em crise Precisamos adotar cortes de gastos na populacao e aumentos de salarios para juizes edeputados E tao simples de entender isso ",False
"verdade vamos ser compreensivos ",False
"Rodrigo realmente e muito facil de compreender isso Eu compreendi que foi um golpe de mestre Ah ah ah",False
"O pais e rico mas com tanta roubalheira atraves dos seculos acaba quebrando de vez E essas medidas e para arrochar mais ainda o trabalhador E nao se enganem nao e so um partido que rouba",False
"Cortar na propria carne e reduzir o no de Deputados Federais e Senadores e seus gabinetes com aa consequente reducao de mordomias",False
"este  Temer fala em cortar a propria carne entao porque nao comeca cortando os aumentos q ele sancionou dos ministros e deputados e assim ele ja pode ver um melhor desempenho mas nao prefere tirar da gente do q deles mesmos  ",False
"nem sou mas esse cara e um velho asqueroso",True
"A populacao esta tao  manipulada que so entendem dois lados  quando nao devemos ter lado nenhum Devemos lutar contra todos os que se locupletam com o nosso dinheiro  seja de que partido for",False
"Nao e verdade O governo tem milhoes de funcionarios publicos sobrando e nao corta Todo mundo sabe disso Estao cortando na nossa carne e nao na carne dos vermes Ja chega fora Temer ",False
"Caro Presidente Temer quando o Sr falar em cortar na propria carne por favor comece pelas mordomias dos Srs inclusive a aposentadoria do Sr previdencia diferenciada para politicos e o primeiro item a ser observado e nao a do empacotador do mercado da esquina nao zombe da minha inteligencia por gentileza   ",False
"Vamos cortar os gastos publicos Vamos cortar todos os funcionarios de confianca indicados por politicos Vamos cortar todos os funcionarios de alto escalao indicados pelo governo sem concurso publicos e sem capacitacao tecnica adequada Vamos cortar a quantidade de politicos",False
"O FMI ja afirmou que entre  paises  incluindo potencias economicas  as medidas adotadas no Brasil sao as DURAS e INFLEXIVEIS Alguem ja leu quem defende e quem e contra ISSO E UM ASSUNTO MUITO SERIO E QUE VAI MEXER COM A VIDA DE TODOS",False
"A FMI nao manda nas economia mundiais Que vao a mer rda",True
"Especialistas afirmam que a PEC nao e boa e a principal razao e porque ela nao ataca o problema real do rombo no nosso orcamento PAGAMENTO DE JUROS DE UMA DIVIDA QUE NAO E AUDITADA Foge da logica pagar juros de uma divida que mesmo com arrecadacao maior so cresce",False
"TODO ESPECIALISTA TEM QUE MENTIR PRA SE DAR BEM",False
"SAO QUASE  SO PARA PAGAR JUROS DA  DIVIDA Uma vez que a reforma tributaria e PRINCIPALMENTE A REFORMA DO SISTEMA DA DIVIDA PUBLICA ninguem  se mexe para fazer  ja que contraria os poderosos que emprestam dinheiro ao Brasil alguns ligados ao FMI inclusive  mais facil por a culpa no trabalhador e nos programas sociais que nao representam  da fatia do orcamento",False
"Por que nao implantar o imposto sobre grandes fortunas Por que NUNCA se audita a divida que de forma ilogica so aumenta apesar do aumento da arrecadacao",False
"Nao existe especialista em economia apenas aquilo que funciona Aumentar gastos publicos e exigir da sociedade mais impostos para cobrir os gastos de governo incompetente sao DURAS e INFLEXIVEIS Nao podem simplesmente querer aumentar impostos porque nao tem dinheiro pra eles gastar A sociedade tambem precisa de dinheiro pra estimular a economia A sociedade nao consegue pagar mais impostos entao nao podem aumentar os gastos",False
"Marcio Oliveira o governo devia acabar com privilegios do STF   Congresso camara dos deputados do CNJ ou seja do judiciario em geral e principalmente dos autos escalao do governo isso seria uma boa medida tira das costas do trabalhador e uma imoralidade ",False
"Paulo Henrique eu nao sou de esquerda Nao se trata de ideologia partidaria As pessoas precisam procurar fontes seguras e antagonicas sobre o assunto antes de usar uma logica de      sem olhar para o problema de forma macro",False
"Alem de traira hilariona propria carne  KKKKKkkkkkkk",False
"A unica carne q esta cortando e a oferecida nos JANTARESFILE MIGNON",False
"FORA TEMER  ABAIXO A REDEGLOBODECORRUPCAO ",False
"TEM QUE CONGELAR E O SALARIO DOS POLITICOS POIS  SAO NEFASTOS  PARA A NACAO",False
"Eu quero ver os batedores de panela e piscadores de luz de varanda Quero ver bem a cara deles",False
"Irao sentir na propria carne quando estiverem no inferno pagando pelo que estao fazendo",False
"Nunca houve um presidente que gastasse tanto melhor comecar pelas proprias contas",False
"Deviam perguntar a ele sobre os cartoes corporativos  que em  meses gastaram  milhoes muitos mais do que o outro governo em  meses  deveriam zeras estes cartoes ",False
"A PEC corta a carne do povo porque a dos politicos estao intactas os salarios deles aumentam regalias continuam desvios de dinheiro tambem continuam enquanto a lava jato nao detectar eles e por ai vai bem vindo ao Brasil e politicos farinha do mesmo saco onde todas as eleicoes o povo procuram eles para vender o voto e os politicos nao fazer o voto ficar optativo pois prejudicaria eles no que tange a se elegerem comprando votos e manipulando o povo sempre burro sem educacao saude e tudo que temos direito",False
"PAULO VOCE E BURRO",True
"VAO BATE PANELASSEUS BURROSBEM FEITO",True
"Saude e Educacao nao e gasto e investimento o que tem que acabar e a farra publica com esse dinheiro acabar com foro privilegiado fim de regalias e punicao grave a crime de corrupcaoPior cego e o que nao quer enxergar isso nao e e nem sera bom para a saude do Brasil ",False
"Se fosse os petralhas estariam criando mais bolsas ate virarmos uma Venezuela ",False
"Cortar na propria carne e acabar com o financiamento de partidos politicos",False
"cortarsea  a propria carne   a propria carne DOS OUTROS nao a deles ",False
"Enquanto isso Seus Ministros fazem farra com dinheiro publico",False
"e quando vao pegar nosso dinheiro de volta com os sanguessugas",False
"Tem que cortar a carne das regalias dos politicos em Brasilia vamos fazer este sacrificio Temer",False
"Ate agora so cortou o acem porque o file mignon continua nadando de bracada",False
"So conversa mole desde que golpeou o poder nao e Temer",False
"Corta na propria carne do povao enganado pelo sistema  es goto de televisao",False
"Impopular tu ja e Mordomo Cortar na propria carne nao e bem isso mesmo porque nao e tua carne",False
"To ligado Por isso os gastos dos cartoes corporativos e a utilizacao dos avioes da FAB  subiram esse corta na carne mesmo ",False
"Cortando a propria picanha no churrasco de domingo Deve ter faltado o churrasqueiro",False
"Porque nao reduz os salarios milionarios de toda a classe politica  porque nao  nao cria uma lei em que todos os politicos arquem com suas despesas  porque nao acaba com o foro privilegiado de parlamentares porque nao cria mecanismos pra colocar os corruptos na cadeia e fazer com que devolvam o que roubaram ",False
"Eu estava concordando com a PEC mais depois que eu vi a reportagem hoje no G da farra dos ministros com aviao da FAB  fiquei revoltadoEsse pais nao tem conserto nao",False
"E a farra dos ministros POLITICOS  e mais gente do governo com aviao da FAB quem paga a conta esse corte na carne nao existe Agora se  viajassem em aviao de carreira ai se acreditava ",False
"ahhh isso e cortar da propria carne Vou ficar com medo entao quando ele for cortar da nossa carne",False
"Desde que assumiu so falafalamas resolucao nenhuma",False
"Primeiro aumento para os amiguinhos depois ferro no povo",False
"E preciso reduzir e muito O custo Brasilia   Reducao de privilegiosreducao numero de deputados e senadoresreduzir numero de instancias recursais no judiciario    ",False
"Nao vi corte algum DEIXAR DE GASTAR nao e cortar",False
"Mas porque ao inves de tirar mais da populacao mais pobre tambem nao crie os impostos sobre grandes fortunas exonere os cargos partariados de comissao corte os salarios e regalias dos deputados senadores dos secretarios e do Presidente da Republica diminua o salarios autos dos magistrados ai sim eu comeco a acreditar mais neste governo e no Brasil melhor",False
"Em filmes e novelas a culpa e sempre do mordomo",False
"Temer  me explique o que e sentir na propria carne ja que nao vao ser cortados nada de suas verbas",False
"Ahahahahaha Voce devera trabalhar em dobro ou em triplo ele nao ",False
"Senado pagara R  mil por reforma no gabinete de Romero Juca PMDBRR",False
"Bem lembrado Marcos Alves  Essa PEC e muito importante para a tao sonhada reforma politica Eu ja participei  ",False
"quem esta com o dinheiro na mao e sabe o que vai precisar fazer para suprir as necessidades seja de sua casa de sua empresa de seu estado municipio e pais e o unico que sabe aonde tem que economizar o que tem que corta pra nao ver o seu negocio afunda o restante sao os julgadores que nao sabem o que esta acontecendo",False
"Discordo em partes Mas porque ao inves de tirar mais da populacao mais pobre tambem nao crie os impostos sobre grandes fortunas exonere os cargos partariados de comissao corte os salarios e regalias dos deputados senadores dos secretarios e do Presidente da Republica  diminua o salarios autos dos magistrados ai sim eu comeco a acreditar mais neste governo e no Brasil melhor",False
"mais voce viu que ja esta sendo cobrado os impostos de pessoas que aplicam seus dinheiro em outros paises e quanto  corta salario aumenta imposto isso ai nao resolveria o problema e sim agravaria cada vez mais agora corta gasto desnecessario isso sim e valido",False
"O governo nao tem e nem pode ter carne A carne que estao cortando e do povo via deservicos publicos ",False
"Corta a propria carne onde Ministros teriam burlado regra da FAB em  voos",False
" Um Brasil de amanha Ele disse porem o amanha e agora o que esta se falando aqui e de uma recuperacao do pais a longo prazo  anos isso se ate la com este governo que esta bem ai o Brasil ja nao estiver afundado de vezVai vendo",False
"Melhor comecar cortando as despesas dele porque nao houve ate entao nenhum presidente que gaste tantocomece cortando a propria carne",False
"Cortar na carne do povo isso sim Pq os autos salarios e as mordomias nao entram no limite de pec da maldadefora temer",False
"Engracado e meter a mao no dinheiro da  populacao e ao mesmo tempo querer ajudar uma empresa privada  OI  com dinheiro publico O jeito e esperar outro meteoro dar o reset novamente",False
"Corta a propria Carne Teve churrasco no Planalto e nem nos chamaram Esta e a unica Carne que eles cortam Na mamata deles com certeza nada",False
"hahahahahahahahaa hahahahahaha E uma piada esse cara ",False
"Essa e uma reforma urgente A proxima e previdencia PEC e fichinha perto do que SE DEVE fazer ",False
"Cortando na propria carne aumentando em  os gastos com propaganda ta bom",False
"hUAHUAHUAHUAHUAHUA E UMA PIADA MESMO ESSE PRESIDENTE ",False
" so falta acabar com a farra dos cartoes corporativos",False
"Gastando  MILHOES em   meses com cartoes corporativos Hipocrita",False
"gerar impopularidade com quem com os eleitores ou com os parlamentares ",False
"QUera saber pq o povo paga pelo erros dos politicos  Pq nao cortam os proprios salario  as verbas de gabinete e mandam embora aquele monte de auxiliares dos parlamentares que so servira sugar dinheiro publico  Acabem com a roubalheira q o Brasil avanca",False
"Todos os paises que sairam dessa crise economica sairam com alto investimento em educacao e tecnologia Ja no Brasil a receita e o contrario O resultado ja sabemos a volta da Republica da Banana a classe media voltando para a pobreza e a pobreza voltando a semiescravidao",False
"Estes politicos ai de Brasilia praticamente nenhum tem ficha limpa sao os maiores ladroes do Brasil",False
" acabou  a mordomia dos comunistas  vao trabalhar  fora seus corruptos",False
"esse e o caminho do crescimento",False
"Claro que nao Votacao no G quem ai e a favor da PEC dar um verdinho e quem for contra o vermelho Vamos ver se realmente impopular",False
"Da para fazer uma lista com mais de cinquenta itens Se tivessemos um Governo do Povo e para o Povo  tudo seria diferente Temos Governantes que so pensam no enriquecimento proprio",False
"NOS PEOCUPEMOS COM NOSSO PAIS ESTE ESTA SUJOOS OUTROSPROBLEMA DELESIGNORANTES",False
"Na carne de quem carapalida",False
"Para ele que tem varias aposentadorias nem vai sentir o corte   kkkkkkkkkkkk",False
"Finalmente chegou  a hora de trabalhar pra ter as coisas nesse pais Ja estava me sentindo um trouxa de trabalhar pra poder comprar minhas coisas ",False
"Preparemse todos Corte para concursos publicos poderao colocar seus apadrinhados com altos salarios sem concurso sem verbas para saude educacao e seguranca publica  aguardem aumento de assaltos Para reduzir gastos bastaria fazer cortes nos altos salarios de cargos comissionados sem concurso e beneficios dos gestores",False
"Na carne de quem Aumento para varias categorias de servidores servis que dao suporte a tudo que esta sendo feito O unico que vai sentir os impactos reais e o povo que por incrivel que pareca foi tao alienado que uma grande parcela apoia essa loucura",False
"Tem tonto que acredita nessa palhacada vai cortar apenas do pobre que necessitada de saude e educacao do governo esta pra ser aprovado a terceirizacao esse mes  e vao aprovar o caixa  para que as Delacoes da  Odebrecht poderem ser realizadas e nao punirem os imundos",False
"Nao vai ter golpe Dilmae  o povo bonito e trabalhador vai te colocar la novamente",False
"TODO SEM NOCAOSEM ARGUMENTO ADESTRADOJOGA CULPA EM QUEM NEM SABE",False
"Antonio Oliveira A VENEZUELA A GASOLINA VALE   CENTAVOS DE DOLAR NEM POR ISSO E POTENCIA",False
"Nao reconheco esse governo ilegitimo e golpista Fora Temer e companhia",False
"ninguem se importa com vc nem sua mae seu nada",True
"E as palestras do analfabeto  Quantas foram proferidas apos a Lava Jato",False
"Esse e o meu presidente que venham as reformas e vamos trabalhar chega de mimimi ",False
"Povao O governo quer cortar direitos previdenciarios e cortar gastos com educacao e saude Tudo isso para manter os privilegios dos poderosos Nao podemos aceitar Vamos protestar Vamos de Lulo  e Lulala ",False
"So vejo os comunistas contra a PEC o resto q vejo sao todos a favor",False
"Enfim uma iniciativa com vistas no futuro e nao so na proxima eleicao",False
"Heranca do governo anterior",False
"Falando em heranca sao  anos de PEC haja heranca pra deixar",False
"vOCE E UM BRINCALHAO ",False
"Parabens Pres temos que tomar mediadas duras e culpa do PTe",False
"Vai te lascar miquinho amestrado",True
"IDIOTA",True
"Vai pro tanque sras Sonia",True
"Sonia o cartao corporativo do seu presidente ja bateu a casa dos R  milhoes em  meses",False
"Ja ouviu algum dia falar em antenas nao essas aquelas de longo alcance Nao ne rsrs",False
"Perfeita explicacao fisica Antonio Souza Mas acho que em OC e OT ninguem mais transmite ne",False
"Quem tem o famoso transglobe da Philcoso vai servir pra ouvir radio do Paraguai",False
"Isso mesmo FM e local e loge de tudo nao chega Acabar com radio no interior despovoado e a meta",False
"Leio a noticia com tristeza A transmissao em AM e a unica possibilidade de ouvir radio nos lugares mais longinquos deste nosso Brasilsao A transmissao em FM e por demais limitada e baixo alcance devido as frequencias de radio transmissao Se as duas modalidades sao autorizadas e legais nao precisa o Sr Presidente se dar a esse trabalho Mas ao contrario deveria estimular a radio transmissao em AM para os locais onde as populacoes necessitam de acesso as transmissoes de radio ate para inclusao social e inclusao Nacional E uma pena",False
"As radios sao controladas por politicos so precisavam do presidente certo pra ganhar o presente Muita gente  vai xiar o AM tem maior alcance",False
"Para quem nao entende existe sim a transmissao de radio AM aindaem cidades pequenas nos locais mais afastados das capitais  onde fm nao chega nem com chiadosa AM chega ruim mas cheganos  cantoes deste Brasilzao  so AM chega e com muita palha de aco nas anteninhasagora esse povo pode ficar sem este entretenimentopois tv analogica sempre foi luxo a TV digital sera utopiaagora sem AMserao isolados  ate de informacoestudo que eles queriam quem sabe",False
"Nem todo mundo mora em cidades meu Acorda",False
"O Brasil tem  milhoes de km meu A propagacao da FM nao passa de  km",False
"Deixa pra la Esquece E dificil tentar fazer compreender o basico do basico Bjs Tata",False
"Infelizmentehoje em dias e melhor ser arruaceiro e agitador no Brasil do que ser trabalhador honesto",False
"Com certeza essa lista contem  de politicos  Lamentavel",False
"E quando essa imoralidade vai ter fim Ate quando trabalhadores vao ter que sustentar parasitas",False
"FARRA DO BOI  LOGO LOGO VAI TER MAIS UM PEDINDO ANISTIASABE QUEM E NE  FAZ ME RIR",False
"E as familias dos soldados e dos civis mortos pelas bombas dos terroristas so recebem xingamentos Esse pais so defende e da premios a bandidos",False
"Cara que bota preco em ideal nao e idealistaE mercenario",False
"Foi com anistia que o governo militar deixou o Brasil na pior",False
"essa noticia nao interessa a globo",False
"Torra se absurdo com politicos militares judiciario e o problema e o velhinho que com  pega um salario minimo",False
"O problema e os caras tirarem dinheiro da previdencia dos trabalhadores da iniciativa privada para pagar beneficios para servidor publico civilmilitar",False
"O Senado um das instituicoes mas caras e inuteis do pais votando o corte de gastos dos outros os deles naoBando de ladravazes do erario",False
"TEMOS QUE IR PRAS RUAS MOSTRAR QUE NAO ACEITAREMOS ",False
"A pec do mal comeca esta semana o fim de nosso pais ",False
"Usando o calculo diferencial e integral se voce tem  anos de contribuicao e comecou aos  anos hoje tem  anos pela reforma vai cair no pedagio de  ate  faltam  anos talvez voce trabalhe mais uns  anosse tivesse menos de  anos cairia na reforma completa",False
"Preparem se esse  PEC  for aprovado  o Brasil sera uma  nova Etiopia ",False
"E a grana pra salvar a oi vai sair de onde",False
"agora e do setor eletrico que ninguem quer investigar",False
"Demente total ",True
"Temos que acabar com esses rotulos de esquerda ou direita Tem politicos corruptos em todos os partidos Vemos com clareza que alguns partidos defendem interesses da elite e outros do povao Outra PMDB e PSDB nao sao partidos sao quadrilhas organizadas",False
"essa esquerda que esta ai nao tem condicoes com linderberg gleisi fatima bezzeratotalmente insanos",False
"Joao Pereira seu anencefalo Seus comentarios sempre me enojam ",True
"Olha nisso tenho que concordar com o Joao melhor pagar um SM para um estudante do que para um presidiario",False
"Esse pais esta podreque nojo",False
"nao entendi a colocacao podre  onde  pais  nao e no pais",False
"Eu que nao entendi seu Edsonda para explicar a duvida melhor",False
"Outro seu Bertin lexotankkkVixemas vc ainda e mortadela meu filho",False
"Resultado de  anos de patria educadora Educando ladroes e corruptos",False
"Engracado e que se voce disputar emprego com eles voce perdera",False
"votaremos em quem quisermos o voto e livre se vc nao gosta problema o seu",False
"Nao tem aquela frase  so nascendo de novo  Para o Brasil so colonizando de novo",False
"Sr Sergio moro crie uma comissao de magistrados corajosos p apurar crimes sem medo",False
"E o fim Desisto do meu pais ",False
"Esse modelo de Enem e enganar o povo que pensa que vai entra na faculdadeentra uns poucos o resto e tudo fraude",False
"E ainda reclamam que so ha corrupcao no Brasil ",False
"Talvez Luiz vc nao seja bom o bastante para tirar uma nota boa e fica de mimi eu entrei atraves do ENEM e to de boa estudando sem nenhuma conspiracao kk",False
"Eu estava na ocupacao de escola e sai pra fazer o ENEM Sou esperto ",False
"Esse foi apenas mais uma fraude Certamente deve ter outros tantos que fraudam e ninguem nunca sabera Alias esse pais historicamente ja e uma grande fraude",False
"Corrupcao e mais corrupcao Em todas as areas no Brasil Sabe o que acontece com corruptos NADA",False
"da vontade de por um aipim no rbbbbbbb",True
"Cade Sergio moro podia pegar essa de sobremesa ",False
"Engracado as fraudes  comeca  nonpoder de Brasilia ",False
"Me diga uma acao publica que nao tem fraudes neste pais A desconfianca e tao grande que fico querendo saber que e a pessoa de forro privilegiado que esta por traz deste esquema",False
"Quando mais a esquerda mentir sera melhor para o Brasil assim nao vao eleger ninguem em ",False
"Edmond antes de julgar comentarios  que tal vc tentar saber a verdade o projeto de lei   tratava de reformas da previdencia e foi barrado pela oposicao na epoca que por acaso ou golpe do destino hoje e governo",False
"era de se esperarnao adianta perguntareles nao vao falar dos  milhoes do srra",False
"Cite amigo esquerdopata UMA LINHA ONDE DEFENDO QUEM QUER QUE SEJA UMA SO",False
"Tudo o que defendo aqui e o imperio das leis e TODOS e note que sempre grifo o todos paguem pelos seus mal feitos O que nao tolero e a hipocrisia e as mentiras descabidas da esquerda incluo o PSDB que para mim e muito a esquerda E entendo intolerante esses esquerda lha defendendo os bandidos de estimacao mas atacando os outros que sao pequenas causas Hipocrisia aqui nao",False
"Se e contra o Brasil nao sei mas contra essa PEC maligna e draconiana eu sou e serei sempre",False
"Entendam que a causa principal de tudo o que esta acontecendo na politica e com reflexos negativos na economia e obra do populismo que quando em seus  anos de desgovernanca so tinha um e somente um plano de governo Se perpetuar no poder a qualquer custo",False
"Derrotada nas urnas Gostaria de saber mais",False
"DERROTADA nas Urnas em que urnas ahahahh ate onde ganharam perderam pra votonulo ahahahh",False
"Nao foram derrotados nas urnas FORAM VARRIDOS E eles sabem disso hehehehe",False
"Exercicio de logica elementar Se o PSDB que ganhou a maioria das cidades e foi o grande vencedor das eleicoes supostamenteb perdeu para os votos nulos imagina os vermelhos kkkkkk FORAM VARRIDOS Em SP entaoPrimeiro turno Um passeio",False
"rindo da sua cara com  de desconto na aposentadoria e o seu troco por apoiar golpista ahahahah",False
"Quem apoia ladrao",False
"to dizendo que a globo fez e o sergio moro fez boca de urnaeles estao apagando as mensagens",False
"Nilsa Amaral eu sei A do  TEMER tem MORTE MAIS PROLONGADA  ANOS ",False
"Mauro e dementekkkkkkquem ta lutando por poder sao voces apoiando bandidos no poder",True
"Felizmente extirpamos o ProjeTo defoder o povo dos clePTorruPTo",True
"Antes tao AMEACADORES esses  clePTorruPTo agora verdadeiras corsas veadinhos mansinhos so com mimimi",False
"SEMPRE OS MESMOS NAO BASTOU AFUNDAREM O BRASIL E QUEREM MAIS",False
"Pois e Qualificou e investiu pesado na PF e uns acham que e unico culpadoSP ta com falta de policial civil e PM e os paulista se acham kkkkkkkkkkkkk",False
"A economia de uma casa ou empresa e diferente da economia de um pais uma empresa pode corta gasto bem mais facilmente mas seu o governo corta gastos gera desemprego e queda da economia John Maynad Keynes  Todos defendem gasto com responsabilidade agora cortar gastos de educacao e saude que nao ",False
"Eles torcem quanto pior melhor",False
"pois e quando estavam la nao fizeram nada de bom alem de distribuir dinheiro disfarcado de bolsa familia e outras coisas nesse sentido Educacao  Otima Saude Otima  isso ja  melhor do que distribuir dinheiro ",False
"o grande vencedor das  urnas foram os votos brancos nulos o recado foi dado a todos os partidos inclusive os de  direita  viram coxinhada ",False
"Aceita que a boquinha acabou doi menos  Vermelho so o ketchup",False
"Essa e boa com alguns politicos  peco se possivel informe os bons politicos kkkkk",False
"Alvaro e isso   A nossa arma e o voto  O problema e que o povo na sua maioria nao tem instrucao Nao estudou a historia do Brasil",False
"nao importa de qual partido e a bandidagem e sistemica Enquanto ficarmos discutindo pardidarismo e comporativismo o combate a corrupcao sempre sera velado Forro privilegiado em pais com alto nivel de corrupcao e uma afronta a etica e a moral",False
"o que  assinaturas a maioria de laranjas o resto nao sabe nem por que assinou",False
"Depois que a Russia montar uma base na Venezuela o problema vai passar para eles",False
"Teve uma hora e nao conseguiu a resposta Claro ela nao existe",False
"Teve uma hora para responder e nao achou nada Claro  nao existe ditadura eficiente",False
"MELHOR DITADURA MILITAR  DO QUE DITADURA DE ESQUERDA",False
"kkkkk aqui so tem ze mane que ta na guerra fria ate hoje",False
"A historia nos ensina A se precaver do futuro A prova A Venezuela ainda estao fazendo vitimas para impor a ideologia genocida",False
"Apos quatro horas nao conseguiram encontrar um exemplo sequer de ditadura em paises desenvolvidos porque sera",False
"realmente  mais o brasil  tem que muda essa situacao  se nao   nunca saira desse  mar de lama  ",False
"Marcos no Brasil nao houve ditadura militar houve governo militar pois entre as varias medidas para reerguer o pais e o povo posso te citar criacao do fgtsembrafilme embraer bnh   hidreletricas eleicoes diretas para governador e deputados Ta bom pra voce",False
"A China possui uma ditadura e e uma das maiores economias do mundo Marcos",False
"O Brasil tambem e uma das maiores economias do mundo e nem por isto e desenvolvido",False
"enfia o kit no teu cut",True
"globo e sergio moro fizeram boca de urna nessas eleicoes",False
"voces acham mesmo que alguem votara na direita depois da PEC  jogar o Brasil em grupo da Nigeria ",False
"dl nem sei o que e melhor Nigeria ou venezeruela",False
"o teucuquente porem continua dando adoidado",True
"O que esta OPOSICAO esta conseguindo e atrair para si e para os proximos e o odio dos eleitores ",False
"Ainda bem Murilo Temos de terminar a faxina e limpar o pais da esquerda lha Urgente",False
"Sao mesmo agitadores e so o que sabem fazer ha a tempo ainda sabem tambem roubar",False
"Concordo plenamente e so o que sabem fazer Quando tentaram governar deu no que deu",False
"Oposicao a um governo que governa APENAS para aELITE ",False
"marcos e eu que achava que politica era  uma ferramenta de transformacao quato engano",False
"esse partido chamado P T e esse P Sol sao uma doenca pra nossa nacao um enfermo",False
"Coisas de gentinha estao sempre fedendo a mortadela podre e nao tomam banho",True
"Esse povo nao esta nem ai pro Brasil so querem ser contra",False
"em  acabara o forro privilegiado dai quero ver ministro do STF livrar a cara deste povo",False
"A esquerda segue a passos largos rumo a quase extincao Continuem assim",False
"PESQUISE E PARTICIPE Consulta Publica  PEC ",False
"ESTAMOS PERTINHOS DE UM MILHAO DE PARTICIPANTES ACORDA BRASIL",False
"Continuam espalhando as mesmas mentiras de sempre",False
"Voltaram so a fazer o que senpre fizerem Sao os defensores do povo lamentavel ",False
"quebraram o pais e ainda tentam boicotar quem quer trabalhar",False
"BOICOTARAM um governo eleito por  anos SAO GOLPISTAS e nao querem oposicao ahahahh fazme rir",False
"Esperem que esse  grupo do mal  nas proximas eleicoes vao  chegar ao fim",False
"Rodrigo nao bagunce as ideias Uma coisa e uma coisa e outra coisa e outra coisa ",False
"Vamos lutar muito pelos nossos direitos conquistados com tantas lutas ",False
"TA animadinho porque rapaz APOSENTADORIA DESCONTADA EM  VAI PEGAR SEU VOVO TAMBEM AHAHAHAH",False
"Essa corrupta terrorista apresenta uma ameaca ao honesto povo Uruguaio",True
"uma mulher que destruiu a Petrobras destruiu a economia e enriqueceu as nossas custas",False
"Pelo menos a esquerda uruguaia Nao roubou o mojica ainda ta de fusca",False
"Esta vendo a possibilidade de asilo politico ja que em breve recebera ordem de prisao",False
"Isso mesmo Nao tinha pensado nisso mas e uma hipotese plausivel",False
"Deve estar verificando a possibilidade de asilo para o Lu",False
"O asilo e pra ela mesmo ela nao esta nem ai para excompanheiro de palanque",False
"Mas nao vai ter um tupamaro ja foi tirado do poder ela aki nao forma",False
"Essa anta incompetenta  ainda esta solta",True
"ta solta e nos ja invadimos fortaleza daqui a pouco sua novelina sai fora do ar",False
"Esse mortadela ja bebeu tanta cachaca q nao esta falando coisa com coisa ",True
"Temer ta bem pra caramba ne  Trouxinha",True
"fafa e daqueles  alunos que eram zuados na escola por isso paga de revoltadinho na internet ",False
"O Pentateuto que nome estranho acredite Sua capacidade de discernir ainda pode ser resgatada",False
"pena qual linha esta na reportagem que devo ter pulado essa",False
"sou obrigado sei sim so nao quero nao sou perfeito esqueco as vezes rs ",False
"Isso que esta na mao dela nessa foto por acaso e um baseado ",False
"Deve ser Ela nao iria desrespeitar o Fidel fumando um charuto no Uruguai",False
"Se os Uruguaios for na conversa dela vai acabar de falir tambem",False
"Ela ganhou um Oreo do  Tabare e num milenar ritual esquerdista esta oferecendo ao vento ",False
"Pena que ainda existam vermelhos espalhados no pais quer dizer no mundo",False
"Sabe onde esta o dedo que falta Socado na sua mae kkkkkk",True
"Vai ser dificil a minha ha anos esta no ceu a sua ta na zona",True
"Se essa coisa ficar mais uma semana  la o Uruguai entra em recessao",True
"Ja estamos tendo este cuidado o peso vai pesar sobre o real dela",False
"NAO ESTAO NAO SENAO RECRUTARIAM A TUA MAE SEU VERME",True
"To sentido que tem defensores de bandido por perto FUI",False
"UM ES CRO TO DESSES E VERME MESMO",True
"sabe o que ela tem mais que nos Ela tem mais e QSF",True
"E foi defenestrada pelo mesmo povo que nao aceita insulto ",False
"Lamentavel mais eu garanto que em  meu voto e do Luiz Inacio Messias da Silva",False
"E que nao volte de la Damos de presente pros uruguaios",False
"o Brasil ta quebrado e temer esta emprestando  bilhoes ao FMI",False
"muito bom depois de doar bilhoes de U na vizinhanca agora foi colher dividendos",False
"Estao perdidinhos Nem anotaram a placa do caminhao que atropelou a petebada em outubro",False
"Foi recebida com  muito  capim e agua  fresca   ",True
"Aproveita e deixa essa capivara por ai",True
"Que fique por la essa ANTA",True
"O Uruguai mais uma vez ira receber a escoria do Brasil",False
"aqu nao tem lugar para carne de pescoco o povo gosta so de picanha na parrilla",False
"Comunista fazendo ato por democracia Democracia vermelha",False
"Nao e que a veia ta segurando um cigarrinho de maconha mesmo ",False
"NAO E MACONHA    E CANABIS  SEJA MAIS ELEGANTE  NESTE CAITE",False
"a batata dela ta assando e ja fazendo plano de fuga",False
"Estamos exportando mortadela Essa fica de graca  ",False
"Isso nao e forca e falta de senso de ridiculo mesmo",False
"ja e a terceira vez que comento aqui Por que sera que meus comentarios sao censurados",False
"Porque este robozinho fica buscando o q nao deve pra censurar o q precisa ele nao elimina",False
"Depois dessa visita o Tabare Vasquez nao ganha eleicao nem para sindico de predio",False
"Fica ai Janete traste inutil Destruiu o brasil vaca",True
"Tabare Vazquez vc deveria escolher melhor suas amizades ",False
"Para nao levantar suspeita foi pedir exilio para o dono do triplex ",False
"foi lindo ver essa incompetente  cair igual Jaca madura ",False
"Reuniao de ex guerrilheiros Sabe la o que fizeram ",False
"o temer e o melhor que ta tendo ne com ele nosso pais e a sexta maior potencia do mundo ne",False
"Tem que cuidar para que esta bandida nao venda infirmacoes sensiveis do Brasil",True
"Quem tem motivos pra fugir sao aqueles que aparecem constantemente nas listas da lava jato",False
"Seus baitola vem fazer na mao vou dar um Murro certeiro nessa tua cara feia da porrrra",True
"Ta louca Davi To afim de fazer nada na tua mao nao",False
"Dali ele foi pro Panama para acabar de esconder o butim",False
"Esses atos uruguaios com a presenca dela e  importante tanto quanto o preco da banana em Monaco",False
"OS PETRALHAS ESTAO ARRUMANDO ESCONDERIJO",False
"Ajudou afundar o pais E nao tem vergonha na cara Acha tudo normal",False
"La ela foi recebida por Tabare Aqui onde vai e recebida por alguns Tabareus",False
" O grande erro foi ter entregue aquela ponta de terra no extremo sul do Brasil",False
"Cruz credo dessa bosta",True
"Tabarez digame com quem andas e te direi quem es",False
"ato pela democracia ta bom me engana que eu gosto",False
"Porque nao morre desgraca",True
"Isso dai e formacao de quadrilha A defesa da democracia so risos",False
"Ta fazendo a cama para e para o Moluscovai que",True
"Essa  muie nem drome nem da cuie nem brinca em fiuvicoCuidado",False
"Depois de tanto roubar nada melhor do que passear",False
"Ficou mal ela ser recebida pelo presidente do Uruguai Fora de padrao",False
"Essa terrorista nao vai presa por ter roubado e atrasado um pais Que morra logo demonio",True
"Quando falamos a verdade nao publicam Ainda falam em liberdade de expressao",False
"Olha ai Sergio moro ela dando vacilo kkk pega ela pow",False
"Putskkkkkde grande relevancia e importanciakkkkkkk",False
"Provavelmente esta planejando a rota de fuga para o pais vizinho",False
"morre desgracada",True
"Sera que ela discursou por la Dizem que ela fala espanhol sem sotaque",False
"Esse Tabare e o tipico bolivariano light se e que isso existe",False
"Saida pela tangente ou tambem comprando casa",False
"NAO SABIA QUE O URUGUAI GOSTAVA DE TANTA PORCARIA JUNTO",False
"gracas a idiota Levandowhisky",True
"Queria ver ela indo pro Paraguai tomar outro calote kkkkkkkkkkkk",False
"Vagabunda",True
"Vao sentir falta da dentadura e do pao com mortadela",False
"Bruno nao e Kou e assimVa tomar no seu Gu",True
"Ja fez programa hoje ",True
"Vira ai que eu vou apontar o dedo no seu",True
"pensem numa MORTADELA maconheira chata ",True
"e vc deve ser  mais uma assistida pelo bolsa esmola ",False
"Vc tem algum retardo ou e burrice mesmo Maria",True
"Essa Maria Benta provou do peba na pimenta de seu Malaquias ",True
"maria vai lavar uma louca que voce ganha mais ",True
"Toma vergonha na cara seu boiola maconheiro infectado",True
"O cara vai chupar uma piroca  vai",True
"quanta gente raivosa que horror",False
"Entao va para la e aproveite case com um homem de la",False
"Ganhou pq nordestino nao sabe votar",True
"OBSERVO QUE ESTAO COMPARECENDO MUITO MAIS DESCONTENTES COM O GOLPE MUITO BOM",False
"Entrou pelo voto Saiu pelo voto Cade o golpe So se for na primeira afirmacao ne",False
"Vinicius Moraes posso te chamar de Naldo  Eh mais adequado kkkkkk",False
"Marcio nao sou seu irmao nao Nao tenho irmao baitola",True
"E so ver o numero de dislike de seu coment inutil e ver que nao tem tanta moral assimPalhaco ",True
"Quena o Tirso esta sentindo muita falta do charuto de mertadela tadinho aceita que doi menos",True
"Aonde a vaca vai o boi vai atrasTa apaixonado",True
"Tirso tem gente que come pela boca voce certamente come por tras",True
"Carambaachei que ela ja tinha morrido e o Tirso tambem",False
"Democracia feito a venezuela que os petebas queriam Que tal arrumar um emprego",False
"Roubalheira Entao governo oriundo de roubalheira e ladrao tambem Eleicoes ja",False
"A leveza de um paralelepipedo e a honestidade de um NOVE DEDOS",False
"Sera que o MAV consegue ler e falar paralelepipedo",False
"Tenho total condicao de dar minha opiniao enquanto liberdade de expressao me valer Enfim ",False
"Rosanabandida esquerdista e fedorenta",True
"Osvaldo Miranda nao concordo Mas respeito seu comentario",False
"rosana a sua revolta e devido a falta de mortadela ",False
"nao e ofensa e curiosidade mesmo  sabe tipo estudo dos animais ",False
"O golpe dela Rosana pra se reileita se chama bolsa familia",False
"ele esta de escarnio estava acreditando nele ate ele falar em beleza e elegancia",False
" Por isto ele usa o pseudonimo  de SURREAL bidu ",False
"aha ta bom vou acreditar mentirinha nao acredito nao ",False
"Collor nao e digno nem para limpar os sapatos  desta  DIVA",False
"coitadinha quer dizer que a pobrezinha foi vitima de um golpe faz um favor e a leva pra casa",False
"Nosso alvo e Nacional e nao municipalaonde todos se DOBRARAO",False
"ELA DESFILARA SUA ELEGANCIA BELEZAPELAS RUAS E AVENIDAS DO BRASILNAO SE PREOCUPEM",False
"esse ai gosta de um charuto de mortadela no meio das pernas",True
"Ilegitimo Foi vc que votou no Temer Eu votei Aecio Quem colocou seu presidento no poder foi vc",False
"Joao Claudio lamento Minha resposta nao foi publicada ",False
"O  Sr  Temer foi posto la por vcs que votaram nela",False
"Estrategia VERMELGA ACEFALA terceirizar a culpa xingar e denegrirKKKK TCHAU QUERIDOS",True
"Porque nao vai aos Hospitais que estao super lotados e falta de equipamentos",False
"Coitada e o minimo a definila      Eu a chamaria de PODRE   ",True
"burro",True
"nao tiro um real do orcamento geral pra destinar a presidio com tanta falta em hospital ",False
"Ela e da area juridica Hospitais sao da alcada do Ministerio da Saude simples assim",False
"OS PRESIDIOS ESTAO OTIMOS O PROBLEMA SAO AS ESCOLAS E HOSPITAIS",False
"ainda mais se for hospedar um politico  boa Rubens",False
"Por que essa revolta Anderson Sua familia esta presa",False
"Mortadelas nunca entendem nadaKKK",True
"Roberto o inteligente o mafioso Skaf pergunta Quem  vai pagar o pato",False
"Quem negativa sao os presidiarios Lucasestao equipados dentro dos presidios",False
"Bandido tem mais e que peidar pra Muzenga mesmo Resolvam esse problema de superlotacao fazendo pelo menos  Carandiru por dia Simples ",True
"Galera do PSOL e comunistas em geral apertem o vermelho mesmo",False
"A policia civil do RJ por exemplo nao tem nem privada pra kaggar e essa capivara ta preocupada com bandido ",True
"Carmen Capivara Lucia por favor me de o exemplo e leve meia duzia dessas vitimas da sociedade pra sua casa faca um coquete nele libere o anel de couro de refresco de groselha mostre que tem coracao ",True
"Ate que enfim um comentario que preste O censor da grobo cochilou",False
"Bandido defendendo bandido Estranho esse papo",False
"Eles tem conforto ate demais Sofrimento tem as familias que eles destruiram",False
"So ha justica para os pobres um pais onde os ricos ficam impune",False
"Seria mais interessante ela visitar os hospitais do sus",False
"Se ela concluiu o ato e porque ele concordouai nao e estupro kkkkkkkkkkkkkkkk",False
"presidio e lugar pro sujeito pagar seus pecados e nao ficar num resort de ferias",False
"Vitimas desses bandidos ninguem visita ne uma porque  eles ja mataram ",False
"Ela poderia visitar tambem algumas escolas onde criancas estudam com os pes na lama com goteiras e muitas vezes com merenda estragada ou ate mesmo sem merenda alguns tendo que andar quilometros a pe ou dentro de caminhoes Isso eu gostaria que gente ligada  a direitos humanos tivesse a decencia de fazer mas nao eles gostam de visitar presidios e defender as pobres vitimas da sociedade As criancas de pes descalcos nao sao vitimas dessa sociedade porca",False
"Quando sera a visita aos HOSPITAIS  PUBLICO do DF",False
"deveria haver uma lei obrigando todos politicos a usar so hospitais publicose que todos os hospitais particulares fosse proibidos de atendelos so assim eles olhava para a situacao da saude publica que esta uma VACALHACAO ",False
"Deveria estar preocupada em acelerar julgamentos que beneficiam aos trabalhadores ao inves de se preocupar com bandidos",False
"Porque nao vai visitar as familias das vitimas desses criminosos ",False
"e os parentes dos que foram mortos por eles",False
"Santa hipocrisia Batman manda ela visitar hospitais publicos para ver se estao superlotados",False
"Parabens Dra Carmen  ao menos a Sra foi la diferente de outros que nem sabe que aquilo existe  sabem que sao marginais mas nao podemos nos igualar com eles     ",False
"Nao quer ficar em uma cela superlotada Nao roube Trabalhe honestamente garanto que isso nao vai ser problema",False
"Pouco conhecimento da leiatodos sao iguais depois de julgados e condenados exceto militares",False
"Entao ministra mais um motivo para instalar a pena de morte",False
"Esta visitando as novas instalacoes do Conde Dracula e seus Vampiros",False
"sera  que  a   ministra Carmen Lucia presidente do Supremo Tribunal Federal   esta  procurando  vagas  para  os  politicos  ladroes  Bandidooooooooooooooos   no  presidios   que  esta  visitando   kkkkkkkkkkkkkkkkkkkkkkkkkkkkkkkkkkkkkkkkkkkkkkkk",False
"Essa ministra trabalha a menos de  km dos hospitais de BASE e HRAN sera que pretende visitar os",False
"Sempre a admirei agora mais ainda      Bela atitude  ",False
"Precisavamos de mais Presidentes assim",False
"Peco ajuda aos universitarios que me ajudem a interpretar o que o zozoi quis dizer",False
"Ela deveria levar o Renan Calheiros junto com ele mas ele ficaria la mesmo",False
"Por que a excelentissima ministra nao visita a familia das vitimas  ",False
"Deixa de ser ignorante Quem precisa de mudanca e o preso nao a vitima",False
"tem que colocar pena de morte ai vai diminuir bastante",False
"Sera que houve uma faxina para a visita da Ministra ",False
"Por que nao se reuniu com os parentes das vitimas",False
"Trabalhar ninguem quer senao estaria vazio",False
"Gosto delaNo STF e a unica que sabe o que diz e entende o que escuta",False
"VAI NO CEMINTERIO ESTA MAIS LOTADO CHEIO DE INOCENTES MORTOS PELAS MAOS DESSES VERMES",False
"Agora ela virou Ministra da Seguranca ou nao tem nada pra fazer no STF  ",False
"Tem que visitar nossas ESCOLAS e HOSPITAIS ",False
"Nao vejo  ir visitar hospitais com criancas idosos e trabalhadores nas linhas finas",False
"vamos ver quantas maes que tiveram seus filhos assassinados por estes assaltantes a Ministra vai visitar",False
"Ave Dra Carmen Lucia os que estao prestes a morrer lhe saudam ",False
"Os poderes estao  preocupados com bandidos  que tem de tudo que o cidadao onesto e renegado",False
"Daqui pra frente vai piorar porque nao havendo emprego   vai aumentar os furtos e roubos ",False
"Aproveita que esta ai e ja implanta pena de morte para esses lixos  Bndido bom E bndido mrto",False
"Uma visita aos familiares vitimados por essa escoria sera louvavel",False
"Tenho pena so das vitimas deles Quem se comporta nao vai preso",False
"E quando vai visitar os hospitais e tumulos das vitimas desses marginais",False
"Superfaturamento de TV e algum Senador ou Deputado coloca um  no bolso",False
"duvido que essa ministra peca reducao de seu salario para tres mil reais",False
"Fazer o que por culpa suas se tivesse leis severas estavam vazios",False
"Tinha tirar todos auxilios de familias mande suas familias trabalharem para sustentarem",False
"Presidio superlotado  F  o  D a  SE eu quero saber e da fila  nos hospitais creche e em busca de emprego",False
"pra mim ta vazio a ministra que vai cuidar dos politicos safados que eles protegem ",False
"Que tal  cada indulto dado um juiz leva um preso para casa",False
"Deveria  julgar as acoes envolvendo Jose Serra Os  milhoes ninguem fala Cade a Veja",False
"Vai querer aparecer mais que o Moro isso vai gerar uma ciumeira",False
"eta Dra Carmem Lucia a senhora esta se saindo uma grande marqueteira",False
"Se depender do STF Manda soltar todo mundoE com aposentadoria Ainda por cima",False
"Deveria ser aplicada a etica de Aristoteles no sistema prisional  A justa medida",False
"os presidios lotados e milhoes querendo entrar neles isso e um paradoxo ",False
"ESSA MULHER FAZ CADA COISA",False
"Depois que recebeu o premio agrado da Globo ta se achando",False
"manda matar tudo e  esvazie as celas e vire heroina nacional",False
"O Gilmar MendesPSDB vai ficar com ciumesEla esta querendo aparecer mais que ele",False
"Unico que compre ena no Brasil sao os pobres Seus bando de hipocritas hipocritas e hipocritas",False
"A corja que apoia o golpe so fala merda",True
"Excelente a iniciativa da Ministra e Presidente Carmen Lucia Parabens",False
"Essa velha deveria passear menos e agir mais Ate agora so conversa",False
"Para vai Saulo mim esses presos que estao la sao os mais perigosos do brasil",False
"Neimar pela esquerda Gabriel Jesus pelo meio e Marinho pela direita que ataque ",False
"Marinho kkkkkkk so por que jogou bem ontem e ja merece selecao",False
"Com PaulinhaFernandinha em campo o Messi vai deitar",False
"Pra quem nao sabe e aquele mesmo hotel que a Ana Hickimann estava",False
"O Brasil deve vencer mas vai ser um jogo dificil",False
"x no minino mano o Bauza vai vim todo na retranca",False
"Enquanto isto o Senado gasta  mil na decoracao de um gabinete",False
"SE TITE NAO SE TOCAR MESSI VAI DEITAR NO PAULINHOBRASIL X",False
"Gastar  mil com reforma do gabinete de romero juca e sacanagem com o povo",False
"Vai que Neymar faz um gol contra para agradar o Messy",False
"RLX  neymar ja ta bem treinado pelo barca  so chegar e vesti o uniiforme ",False
"O PALMEIRAS VAI SER CAMPEAO  SEM MIMIMI MUNDIAL DE ",False
"O que o Carlinhos Brown ta fazendo aivai cantar as babaquices dele",False
"o neymar faria alguma falta na selecao ou a sua ausencia seria melhor  ",False
"Parece aquelas perguntas ridiculas da globo no meio do jogo",False
"Felipe massa ja vai se aposentar O que sera dessa selecao ",False
"Bauza retranqueiro vai botar pra cacar o neymar podem tirar print",False
"Marinho e um jogador que desequilibra qualquer jogo",False
"Tomara que a Argentina goleie estes frescos",False
"O Sao Paulo ja foi rebaixado ",False
"VAMOS MASSA ATLETICANA LOTAR O MINEIRAO PARA APOIAR A ARGENTINA DE LUCAS PRATTO",False
"VAMOS MASSA ATLETICANA LOTAR O MINEIRAO E APOIA O PRATTO",False
"O Pratto ai lado de Messi  vai deitar e rolar em cima da nossa selecao falida",False
"Mas ele so pipoca quando a coisa aperta sempre foi assim",False
"Pipoca nada e um excelente zagueiro o  a  nao foi culpa dele",False
"vamos voltar  anos atras e ver o que ele fez no  x ",False
"corinthians o melhor aluno do enem enemlibertadores enempaulista enembrasileirao enemcopa do brasil",False
"Ele virou goleiro",False
"quem nasceu para ser  a  jamais sera Junior Baiano ",False
"Ta jogando bem mais na selecao nao tem mais chance   Thiago Silva marquinhos Miranda sao melhores  ",False
"Jogar no PSG e decrescimo na carreira",False
"na  boa  davi luiz  deu muito certo coma  camisa  do chelsea no  psg  nao era  pra  ele",False
"Em compensacao de vez em quando leva ",False
"Globo iniciando o lobby para o seu retorno para a Selecao",False
"David Luiz agora e goleiro pra ter recorde pessoal de menos vazado",False
"E aqui toma  em um jogo so o cara e muito ruim",False
"ele possui outro recorde tomar  gols em um jogo",False
"Cahill ainda tem pesadelos com Emerson Sheik e Paolo Guerrero",False
"Ele so vai igualar o record pessoal quando ficar SETE jogos sem levar gols",False
"Joga muito",False
"Esses fans e torcedores do CR e Real Madrid sao uma piada Raca nojenta ",False
"Melhor do mundo",False
"Apelando nao compara com qualquer um ele joga Facil",False
"Melhor do mundo e o Messi aceitem este fato Ronaldetes",False
"essa modinha de rivalidade os  sao excelentes jogadores pronto",False
"Daniel Lima Nao e rivalidade e a verdadeMessi esta acima de todos no futebol atual",False
"e kkkkkkkkkkkkkkkkkkkkkkkkkk Pepe tbm ganhou e fez mais que CR man ",False
"na moral e ser muito louco dizer que CR e melhor que Messi por favor velho",False
"Mano na boa Messi ja foi eleito o melhor fora de outro time Se for seguindo esse teu criterio Pele George Best Maldini Iniesta  Garrincha e muitos outros sao uns BOSTAS pois esses citados nunca foram os mesmo em outros times e algunsMaldini e Iniesta nunca chegaram a jogar por outros clubes  Pele jogou por  anos no Santos e ninguem disse nada ",False
"Mano na boaAngelim  volte pro video game rapaz O cara fala Messi ja foi eleito o melhor fora de outro time  E por acaso o Pele foi considerado melhor em outro  Ele no Cosmos ja estava no final de carreira Nao existe isso de tem que provar em outro clube Se for seguindo essa tua logica Iniesta e uma bosta segundo voce",False
"Isaque nao se faca de tonto Chore menos sua Lionete",False
"Mano na boa como eu sabia A Ronaldete nao tem argumentos",False
"Mano na boa na boa mesmoManona boana boa manoManooooooooo ",False
"CR ja ganhou a Copa America Nao Julio Baptista SIM  kkkkk  to aqui so pra zuar mesmo kkkk",False
"So uma pergunta O que seria do Real Madri e Barcelona sem os estrangeiros ",False
"Seriam grandes clubes afinal sempre tiveram jogadores nacionais que fizeram historia",False
"So te corrigindo O que seria a Europa sem estrangeiros",False
"Os  do Rio os  de Sao Paulo  do Rio Grande do Sul e  de Minas Gerais   grandes ",False
"pele nunca vai ser melhor q esse cara",False
"kkkkkkkkkkkk tulio nao ele conta ate de golzinho no asfalto",False
"Falta muito pra chegar ao maior artilheiro de todos a grande genio da area Romario",False
"No videogame igual aos fas alienados dele kkkkkkkkkkkkkk",False
"o cara foi foda",False
"enquanto isso o Palmeiras continua sem mundial",False
"Em discurso Cristiano declarou Para de me secar NETO",False
"So o oculos dele deve da pra comprar um apartamento ",False
"Enquanto isso seu time contrata marcelo cirino por  anos e damiao por  ano e meio",False
" gols em  jogos oficiais media de  Melhor do mundo",False
"Deve ganhar o premio FIFA foi o melhor da temporada",False
"Ficam um monte de mocinhas brigando por Messi e CR Virem homens",False
"vai ter que pedir dicas pro Ze para pder jogar ate os ",False
"ROMARIOgtRONALDOgtZIDANEgtMESSIgtRONALDINHOgtCR",False
"Vao ter que renovar o contrato do Sergio Ramos ate  tbm",False
"Nem Messi nem Cristiano vao dormir hoje preocupados com o que vcs acham deles Tontos",False
"Ja nao ta jogando mais nada hj em diaimagina em ",False
"Se nao ta jogando nada hoje imagina em   Vai ta no nivel do Alecgol  ",False
"QUE LINDINHO ESSE MOCO COM ESSE OCULOS",False
"Sera que teremos tambem mais cinco anos de propaganda com o Clear men kkkkk",False
"sai armario na mesma velocidade em que baixa a qualidade de seu futebol",False
"Contrato de  anos Esses clubes sao loucos  anos no maximo",False
"Real Madrid ta doido mesmo o cara nem empurrar a bola de baixo da trave consegue mais",False
" temporadas pelo RALA e  titulos kkkkkkkkkk Messi em  anos de Barca tem  titulos",False
" titulos sendo que uns  Trofeus Joan Gamper que e um amistoso Bela galeria",False
"Mano na boa Ivo Holanda sao  titulos sem o Joan Gamper",False
"Mano na boa Valdeny as coisas nao funcionam que nem no seu mundinho nao",False
"Nao teve nenhum penaltizinho pro inutil Penaldo bater  Ahhh poxa juizao",False
"Mano na boa quase que ele faz um hattrick Solange So faltou  penaltis",False
"Atras so do Robinho e do Fred campeoes da Copa do Brasil ",False
"Bom jogador Daria um bom reserva para o Fernandinho no Fla",False
"Entao vamos somar as assistencias para ver quem ganhaOs dois sao otimos mas Messi e melhor",False
"daqui a pouco vem um falar de titulo na selecao",False
"no momento nao esta nem entre os  melhores  mas joga facil",False
"Piada super engracada Ja pensou em fazer um teste pro Zorra Total ",False
"Concordo  por cento",False
"Bom jogador mais nunca jogara oq o Marcelinho Carioca jogou no todo poderoso timao chorem antis",False
"Lugar de mulher e na pia fogao e cama",True
"E o CR ganhou tudo o que o Messi nao ganhou Choremmmmmmmmmmmmmmmmmmmmmmmmmmmm",False
"Voce nem sabe o que fala mano voce nem sabe chutar uma bola ENTENDE NADA DE FUTEBOL CRFOREVER",False
"Geraldo Gallo vamos protestar Amigo Vamos invadir aquele CT e quebrar tudo",False
"Marias tremem pro Galo e borram pros argentinos FATO",False
"PARE COM ESSE VEXAME GENTE DEIXA ESTE CARA DE LADO",False
"Saudade do Otamendi Ele e Gabriel seriam uma dupla de zaga sensacional",False
"dor de cotovelo das marias azuis borradeirasadoram a pagina do galo",False
"Em pontos corridos nao tem apagao de refletor pra esfriar o adversario rajkazblanks ",False
"Em pontos corridos nao tem jogador adversario escorregando com o gol escancarado rajkazblanks ",False
"Em pontos corridos gritinhos de eu acredito nao colam rajkazblanks ",False
"Em pontos corridos nao tem disputa de penalty rajkazblanks ",False
"Em pontos corridos nao tem Riascos pra errar penalty aos  do segundo tempo rajkazblanks ",False
"com Anelkocando ate hj Maria Ele nao e argentino nao viu Todos sabem q as Marias se borram pros argentinos",False
"E uma pena que Riascos nao e Argentinota marcado na historia por dois momentos marcanteskkkkk",False
"MARIAS NOS CIO  MINHAS PRESAS PREDILETAS VOU ME ESBANJAR EM DEVORALAS",False
"Forca na peruca Galo RACA ROBINHO RACA PRATTO RACA CAZARES Vamos jogar com amor a camisa ",False
"Concordo em partes Tem que ter sombra pro Vizeu se nao se acomoda igual ao Jorge",False
"NAO ACHO NADA DEMAIS NESSE CUEVA SO FAZ GOL DE PENALTY",False
"Junta todos os pontas do Fla que nao da um Cueva",False
"o Flamengo sem motivacao nenhuma mete  x no santos",False
"QUEREMOS UM TIME PRA GANHAR O TITULO E NAO PRA FICAR NO MEIO DA  TABELA NOVAMENTE ",False
"Ue e o cheirinho que voces estavam sentindo era de que",False
"Vizeu e convocado frenquentemente para a selecao sub quem ia ser o centroavante CIRINO",False
"Devia e ficar o Damiao e sair o inutil do guerrero chorao",False
"esse ze e  muito burro cara empresario corre solto e muita grana envolvida",False
"O   PARA  TB   SE ACOMODOU UM POUCO  PODERIA REVESAR ELE E O RODNEY ",False
"perfeito os garotos da base sao melhores que esses jogadores citados",False
"e rogerio todos tem mais essa anta nao coloca pra jogar",False
"o tecnico e bom o time que e ruim ",False
"Complicado e colocar o Cirino e Gabriel atacante que nao sabe chutar nao faz gol",False
"CariacicaES ainda seria melhor Bota o jogo contra o santos e o coxa la",False
"correto  Adriano Adryan e melhor q Cirino Gabriel Fernandinho etc",False
"O SANTOS TODO LANCA DOIS  GAROTOS PORQUE O FLAMENGO NAO FAZ O MESMO",False
"Porque e menguinho so vcs que pensam e falam que e grande",False
"ze vai cuidar do titulo   jogos  mexendo mal ",False
"O cara que coloca  chiquinho  para  cirino e gabriel para jogar nao pode ser normal",False
"pois e os  nao foram peidods por ele para  montar o elenco entao nao vamos da porrda no cara",False
"ELENCO GRANDE E DE POUQUISSIMA QUALIDADE ",False
"Abel Braga ano que vem Pra disputar a libertadores e manda Gabriel e cia embora ",False
"Voce nao pode estar falando serio",False
"THIAGO SANTOS EH MELHOR Q GABRIEL FERNANDINHO E CIRINO JUNTOS PQ O GARORO N JOGA",False
"Coloca os moleques no carioca pra pegar experiencia",False
"Se for o Ze Ricardo o Tecnico da Libertadores e entregar mais uma vez ao titulo ao palmeiras",False
"Demorou so digo isso ",False
"ze ricardo e doido o time empata perde ele continua com esse gabriel  so pode ser um caso de amor",False
"Base  Com Ze nao tem vez So jogo la medalhao e jogador de empresario Politica dinheiro no bolso ",False
"NAO E POSSIVEL QUE ESSE CARA VA CONTINUAR NO COMANDO  DO TIME EM   ",False
"SE ZE CONTINUAR NAO VAMOS GANHAR NADAEM HORAS DECISIVAS SEMPRE ERRA",False
"Ze ricardo nao sabe avaliar nem os jogadores profissionais q estao com ele que dira a base",False
"Verdade nao sabe mesmo  Escala mal e substitui pior ainda E o culpado pela perda do titulo",False
"O culpado pela perda do titulo e o mesmo pela briga pelo titulo kk via entender  ",False
"Prefere usar o Damiao do que o Vizeu Sem comentarios",False
"Um volante da base PELO AMOR DE DEUS para o lugar de Marcio AraujoPELA AMOR",False
"UM DOS MELHORES  SE NW O MELHOR E RONALDO   DE VOLANTE OU LATERAL  JOGA  MUITO",False
"ze ricardo     ta de brincadeira   culpa desse mane  todo jogo um time diferente  fanfarrao",False
"gigante que nao ganha um nacional a  anosta de sacanagem ne",False
"De tanto falarem em cheirinho perderam o olfato Rsrs",False
" O Flamengo vai assumir a ponta a Demora e voltar a jogar no Maracana",False
"Cai na Real vascainos segundo da segunda  Kkkkkkkkk",False
"Mas o JUIZ e os DOIS BANDEIRINHAS que GARANTIRAM mais um ROUBO estao acertados pra ",False
"ADRIANO   IMPERADOR    E   WAGNER  LOVE  E  RONALDINHO   E  FABIO  LUCIANO",False
"muitos jogadores sem condicionamento fisico pra disputar um brasileirao deu nisso",False
"Nao contratava mais medalhao o flamengo so gasta e gasta tendo os garotos da base",False
" O  que gasto no cuellar erradamente dava pra ter comprado o cueva",False
"Santos Kkkkkkkkkkkkkkkkkkkkkkkkkkkkkkkkk torcidinha cabe em uma Kombi kk",False
"o cara se gaba de ser segundo eh pra quem nao e mais nada ser segundo e alguma coisa ja",False
"So ganha se ROUBAR senao e CHEIRAO DE F E Z E S mesmo",False
"Padaria do Flamengo esta vendendo muito o sonho ja acabou so resta pao ",False
"STJDacorda essa pagina e rubro negraseu viceADO",False
"Digam o que quiser mas da Copinha e da OPG so a arbitragem sao promessas para  KKKK SV",False
"A GAROTADA RUBRO NEGRA MANDOU LEMBRANCA DE DENTRO DA SUA CASA KKKKKKKKKKK",False
"O Vitor Nastari  voce esta e com a cabeca cheia kkkkkkkkk  imagine   kkkkkkkkkkkkkkkkkkkkkkkkkkkkk",False
"era o cheiro da bucelta da sua mae",True
"Vamos iniciar  levando porrada Essa molecada nao tem nem corpo Vao pipocar",False
"Concordo pois ele e bom para montar time",False
"Verdade mas a maioria so olha pra tabela Entendem nada de futebol",False
"Tenho nojo do flamengo timinho de torcida terceirizada de nordestinos fedidos que pensa que e carioca da gema quando nao passa de um time que tem mais identificacao com o nordeste do que com o rio Quando se fala em flamengo se imagina um monte de paraibas fedidos e sem agua falando FRAMENGO e com camisa do camelo Respeito o Vasco e o Botafogo esses sim quando se fala em rio de janeiro se lembra deles Saudacoes corinthianas",True
"desnecessario ofender o flamengo tudo bem agora envolver outras partes ai ja nao apoio ",False
"Dinheiro a gente pega com quem tem Nao com quem ta quebrado",False
"Lateral direito dois zagueiros e um atacante ja resolve grande parte dos problemas do Cruzeiro",False
"So espero que ele recupere o bom futebol",False
"a soberba ela nao acaba kkkkkkkkkkkkk",False
"Relaxa Veremos daqui  rodadas Soberba",False
"isso e uma bishona daqui a pouco ele fala que se o leicester ganhar a champions ele da ucu",True
"Esse negro e o seu pai Sua mae deu pra ele quando jovem",True
"Voce ta e na zona sua galinha",True
"Com o Botafogo tudo e dificil Eu acredito na classificacao Avante Glorioso Botafogo",False
"Esse ano pra vcs foram muitas frustracoes eliminados de tudo que participaram e mais a de ontem ",False
"ah vai se fu de voce",True
"o fanatismo nao e uma doenca fisica e nem espiritual mas sim uma doenca da ignoranca e odio   ",False
"Voces precisam pesquisar melhor a historia do campeonato de  ",False
"Nao houve rebaixamento pois existiam duas ligas",False
"Ele e ficha suja e esta inelegivel nao sabia",False
"kkkkkkkkkkkkkkkkkkkkkkk faz me rir",False
"Palmeiras nao tem mundial",False
"Inveja matahhhhhhh",False
"time de um gol so muiuta sorte",False
"O importante e ganhar meu filho acorda pra vida",False
"MULAMBOS  SETEM O CHEIRINHO DE HEPICANUNCUKKKKKKKKKK",True
"o brasil todo  menos a torcida do inter hoje e Corinthians obrigacao e ganhar  ",False
"Nao temos timeTemos um bando de jogadores meia bocatodos sem nenhuma qualificacaoBarcaJA",False
"ATENCAO NOVA DIRETORIA QUEREMOS UM TIME COMPETITIVO EM   ",False
"Traz ele de volta e deixa ele escolher o tecnico ",False
"Mas ele vai preso Aguarde",False
"Dois mundias com uma libertadores ",False
"Futebol argentino e uma piada  So pancadaria e confusao           ",False
"A bandidagem continua se escondendo",False
"Ele esta feliz em voltar a Bahia menos o povo baiano",False
"Sua hora vai chegar",False
"E DALHE DALHE PORCO E DALHE DALHE PORCO CHUP MOLAMBOS FICARAM SO NO CHEIRO",False
"quando Deus diz nao nao adianta lutar contra",False
"Esse nao roubouao menos nesta gestao",False
"Ragnar e nome de travesti da Escandinavia",True
"Entrei so pra ler os comentarios dos peritos",False
"Emocionada pela morte ou pela posse",False
"Fizeram pericia nas pecas do carro",False
" SERA POLICIA FEZ PERICIA NO CARRO  ESTRANHO NE ",False
"Sera que foi sabotagem",False
"Melhor investigar a oposicao",False
"MENOS UM MAS TEM QUE QUEIMAR LOGO O CORPO DELE ANTES DE CHEGAR NA PORTA DO NEM SEI E POLITICO MESMO  DO INFERNO",True
"No Nordeste acontece de tudo ",False
"Idiota",False
"o investigador investiga isso vcefdpta",True
"Esse ai senta na boneca",True
"Aposto que ainda vai ser o presidente da camara",False
"E a roubalheira continua Esses sao profissionais",False
"Banco cheio de problemas governador ",False
"So pela metade Voce esta sendo bem otimista",False
"Paulo vai to mar no c uu",True
"Alex exponha seus argumentos abc",False
"e tome dinheiro pra industria da seca",False
" Milhoes para Sergipe  e  Milhoes pra Alagoas   Governador de Sergipe e um Bndaum Mesmo ",False
"Seca no Amapa so pode ser brincadeira",False
"Esse e meu presidente",False
"Esse dinheiro ira fazer brotar agua do solo ",False
"Mais dinheiro desviado em   ",False
"Esses recursos vao sair de onde ",False
"Ele vai ser o pior presidente da historia",False
"ele nao e presidente  e golpista",False
"AECIO E O UNICO CAPAZ DE TRANSFORMAR ESTE PAIS",False
"Finalmente o Senador entendeu Parabens",False
"Fiquei chocado com essa noticia",False
"Voce e meia duzia pensam assim",False
"Passei por aqui so pra deixar meu FORA TEMER",False
"lazarentuuuuu",False
"Sera muito bom para suas empresas para o povo nao",False
"Reforma estrutural no seu rbbono meu nao",True
"Pode prender inocente  ",False
"Que tornozeleira eletronica",False
"hmmmmmmmmmmmisso e uma bichna",True
" Entao e da lojinha da anta",True
"e da lojinha da tua mae aquela prostituta",True
"Ainda temos que aguentar uma ironia dessa",False
"Os netos que devem ter vergonha dele",False
"Cara    de    Pau         ",False
"Boca mole e bolso e contas bancarias abarrotadas de dolares Sahfado",False
"Boca de buxeta",True
"E O PIAUI QUERENDO ASSUSTAR O MUNDO COM ESTA FIGURA OU SO NASCE GENTE FEIA LA",True
"Vermelho nojento deveria levar um tiro na cara bandido ",True
"Vagabundo",True
"A corrupcao e o cupim que corroi a democracia e as instituicoes  ",False
"A corrupcao esta estampada na cara desse individuo",False
"desgracado bandido mais bandido ainda e quem vota numa desgraca dessa  eta povo burro ",True
"Raposao politico de profissao  ta no fim da carreira e o Piaui o adora  Eh boca mole eheheh",True
"Vai pagar muito boq na cadeia para outros presos com essa boca de buc inchada",True
"E tanto deboche tanto escarnio perderam o senso de ridiculo de humilhacao",False
"Debil mental ",True
"MELHOR SERIA C U DEPOIS DE DIARREIA",True
"Eu ja havia arranjado um apelido para ele aqui em casa ocuquefala",True
"Quando esse cara comeca a falar eu mudo de canal",False
"que absurdo estou indignado com essa chacota ",False
"Voce sabe quais os atos enriquecem o curriculo de um bandido Entao esta explicado",False
"kkkkkk ",False
"Estourou o placar quanto e isso",False
"Esses petebas sao piores que asnos puxadores de carroca",True
"E a mesma denuncia burrao",True
"O pior e que e a quinta ele nem pode contar nos dedos da mao que lhe falta kkkkkkkkkkkk",True
"Queremos ele morto",True
"ONU  KKKKKKKK ONU e bosta e a mesma coisa seu anta",True
"Ele vai  sentir o peru entrar",True
"o moro vai sentir o peru do aecio entrarkkkk",True
"Carlinha Antinha a servico dos petebas Ridicula",True
"E muita denuncia e pouca acao",False
"Muita denuncia e pouca acao ",False
"Muitas denuncias muitas provas e pouca cadeia ",False
"Joao retardado presta atencao na gangue que esta tomando o Brasil de assalto ",True
"Entao vamos perdoar o Ladrao so porque a outra turma tambem e nao seria melhor prender todos",False
"Todos sabemos e que por causa da pesquisa de ontem no qual ele poderia ser presidente em ",False
"Todos ou voce duvidava dessa medida tao rapida do MPF",False
"calma tudo e questao de tempo lembra do Cunha",False
"So com conviccao nao se prende ninguem ",False
"E verdade mas apesar de acha que essas pesquisas sao furadas",False
"os politicos sao o reflexo do povo",False
"Vai fazer a denuncia e pede para um juiz pegar o caso blz",False
"Curitiba esta mais esperta que voces pensam",False
"Concordo com o Carlos Isso aqui e lavagem cerebral pra asnos",True
"E TEM QUE PRENDER LOGO ANTES QUE ELE FUJA PRA CUBA",False
"Eu voto em quem ele indicar",False
"Kkkkk",False
"Olha ai um esquerdopata cmedor de alfafa me negativou  ",True
"Pesquisa comprada",False
"E SERA MUITO BEM RECEBIDO PELO JUIZ SERGIO MORO",False
"Prendam logo o chefe mor da corrupcao",False
"Nunca Nao existe materialidade So conviccao ",False
"Na verdade  mesmo ja passou da hora ",False
"PARA ALGUNS ACEFALOSESTE CIDADAO SE TORNOU UM MITO  MAS A CADA DIA PERCEBEMOS QUE NAO PASSA DE UM RATO LADRAO  ME DIGAM O CONTRARIO ",False
"A casa caiu",False
"Cade as provas",False
"JA VIROU NOVELA CHEGA CANSAMOS",False
"Falta pulso",False
"Que materia espetacular em Grs",False
"Denunciado hoje de novo ok mas preso quando ",False
"NUNCA  JAMAIS SERA ",False
"O fato e que Nao ha um politico honesto no Brasil",False
"Isso ai e a materia ou so o titulo Kd o resto",False
"E O QUE ISSO QUER DIZER MESMO ",False
"So denuncia mais prender que e bom nada",False
"Nao entendi o que ta faltando pra ele ser preso",False
"Quando ele sera preso ",False
"Denuncia  denuncia  denuncia  cadeia quando  ",False
"Indiciam e denunciam mas nao prendem",False
"o triplex caiu",False
"Finalmente ele vai ser preso",False
"E os tucanos  reis das delacoes ",False
"Quem que era mesmo o Homem mais honesto do Brasil",False
"Desordem e Regresso ",False
"Srs JUIZES PREDEM LOGO ESTE BANDIDO ",False
"Essa noticia e antiga",False
"Vai ser preso antes do Natal",False
"muito processo pouca gente em cana",False
"QueseFODAesseFDP e quem gosta e defende ele tbm",True
"Uma enorme e bem recheada pizza",False
"Denuncias nao enche barriga precisa fazer valer",False
" indiciacoes em  semana ja pode pedir musica",False
"estao tentando desviar o foco ",False
"O Serra com  milhoes nada tambem",False
"Nao vai dar em nada",False
"G CANALHAS E OS COMENTARIOSENFIA LA",True
"Ententam uma coisa nao ha denuncia sem provas",False
"e um monte de bosta mesmo no minimo e do norte ou nordeste que trabalhar que e bom nao trabalha vive do bolsa familia por isso vai votar no luladrao",True
"Cade as algemas",False
"tu isso tu aquilo o gauchada boiola kkkk",True
"Guy Gay boiola e tu e teu pai",True
"Sabe o que e foro privilegiado seu bosta  Burro",True
"Vai dar de  pro lulao vai Mas leva viagra",True
"Deixem o cara em paz",False
"kkkkkk",False
"Credo a Globo esta instigando a violencia",False
"O filhodaPhuta do Brasil ",True
"Quando provar irao para a cadeia",False
"Isso porque voce coloca rotulos nas pessoas",False
"O encantador de burros pegou mais dois",True
"kkk voces sao uns comedias",False
"MPF a trabalho dos interesses tucanos e pmdbistas",False
"Nao pode ser serio o que acabei de ler",False
"tem que investigar quem te deu aula de portugues",False
"Porque ele esteve no poder por  anos talvez",False
"Brincadeira e vc acreditar realmente nisto",False
"Qual deles cade as denuncias",False
"BURRO ASNO TOPEIRA",True
"Mulher grossa estupida e ignorante ",True
"Alem de burro e analfabeto",True
"Hahahahahaha jumento",True
"Vai la lamber as bolas dele",True
"Que tipo de idiota abestado e voce ",True
"Vai lavar panela sua vaca",True
"Idiotao E quem e o sabidao",False
"Romulo come bosta",True
"Lizzie come bosta",True
"Acho que ta faltando provas",False
"Tinha que ser baianoputz que povinho",True
"KKKKK MAIOR LADRAO QUE MERECE A MORTE ",True
"Cala essa boca jumento",True
"E serio isso ",False
"Pobre BURRO neque apoia a direita",True
"Peco mais respeito por favor Falei",False
"Entao peco um pouco mais de respeito Falei",False
"  GABRIEL  VOCE  DEVE  SER  UM  GRANDE  COVARDE    SE  VOCE  PEIDAR  VOCE  SE  CAGA  TODO          ",True
"Esse asno ainda tem meu nome ta de sacanagem",True
"Sao paulinos gostam de mamar no cajado",True
"Mas ele nao e  do futebol paraguaio",False
"Tomara que esteja certo colega",False
"No fim vamos ficar com os que ja estao ai",False
"Vc  deve ser retardado  ",True
"o cara e bom joga muito",False
"Enfia no rab o da sua mae",True
"Eu acho que voce esta na pagina errada",False
"Andre noiado ver se diminue o fumo Ta dificil",True
"coloco vc otario ou su amae",True
"Que moral idiota quase nem voltaram Kkkkkkkk",False
"SRN Sou a R A B U D A do Negao",True
"Eu passei na tua mulher e deixei minha g o z a d a",True
"Jkkkkkkkkkbosta de clubenao tem dinheiro pra contratar pra comprar camisa mas tem Estadiokkkkkkkkkvice eternopiada do Brasil Segunda eu volto",True
"P I R A N H A",True
"Fundo do poco mesmo",False
"Virou bagunca ",False
"Isso e comum com times pequenos",False
"isso e falta de dinheiro em um clube falido",False
"Mais um jogo e o flaF E Z E S sem estadione g l o b o",True
"Da ate pena esse time so passa vergonha ",False
"Sempre uma varzea Time pequeno e assim mesmo",False
"Cala boca o idiota ",True
"esse ai e matador",False
"Gostei das mudancas Novas estrategias",False
"outro asno que nao sabe nada esse artur",True
"Esse MITO sabe tudo de futebol ",False
"ainda precisa de centroavante e lateral esquerdo",False
"Volante centroavante e lateral esquerdo",False
"Foi divulgado sim procura ai que tem",False
"Esse time em que todos gostam de ceder a cauda",True
"e vc e analfabeta",True
"Sera que agora ganha copa do Brasil ",False
"Que diferenca faz ",False
"mas no sao paulo o apressado come C u",True
"Nao da nem pra comparar fato",False
"Verdade e triste mais e verdade ",False
"no fim tudo dara certo  Rumo a gloria",False
"JOGADOR DE TIME PEQUENO",False
"Walter devia lutar SUMO PODERIA SE DAR BEM",True
"O gordao ainda fica rindo consegue nem ficar de pe",True
"o dirigente falou alguma mentira",False
"Ja ta chato essa historia do Walter td ano e isso",False
"Nao importa sao os mesmos jogadores",False
"Esse sorriso sonata nunca deve ter visto e nem jogado futebol Marcelo e Daniel Alves jogam a anos em times de ponta da europa ja ganharam ds os titulo ja estiveram varias vezes na selecao do mundo e vem esse bosta falar q eles sao ruins",True
"quem e o reserva desse capaz de vir o reserva",False
"onde tu viu isso",False
"se vier e um otimo reforco",False
"Se vier  sera  um bom reforco",False
"excelente jogador  sera titular ao lado do Jo",False
"seja bem vindo que faca um bom trabalho",False
"BOA GOSTEIKKKKKKKKKKKKKKKK",False
"Karen vai lavar a louca q ta suja",True
"E  CHORO  CONTINUA SENDO LIVRE",False
"Bem vinda ao maior e melhor clube do planeta",False
"Intao se vc nao ganhar nd e pk e ruim msm",False
"Ta com cara de quem peida na farofa kkkkkkk",True
"Esta enganado ",False
"voce esta desinformado",False
"Ele foi sincero Corram atras",False
"Falou o cara que nao sai da pagina verde",False
"o choro e livre",False
"aprende a escrever cavalo ",True
"vc e chacota bi da b sem mundial kkk",False
"mais um sem mundial bi da b lesma verde  kkkkk",True
"Nossa Anselma bibona invejosa sem criatividade",True
"Essa mina tem cara de cavalo ",True
"Ricardo tem cara de cavalo mas e uma potranca",True
"O empresario desse rapaz e simplesmente magico",False
"Seja feliz",False
"Venda casada ",False
"Que otima noticia para a massa atleticana",False
"nem deveria ter contratado",False
"Esse tem um empresario bom",False
"Libera rapido antes que os turcos desistam",False
"Eis que a sorte bate a porta ",False
"Tem alguem disponivel pra levar no aeroporto",False
"Jogando o milho e sentando no sabugo ne maria",True
"A quanto tempo voces nao disputa uma libertadores",False
"Pq eles precisam trabalhar ",False
"GUILHERME SEU IDIOTA",True
"Lurdinha burra",True
"quando foi isso",False
"alo sua vai botar ovos suas fracast ",True
"MIERDAS",True
"Alguem falou em helicoptero",False
"falou tudo",False
"time bosta cai gigante nunca kkkk",True
"Com essas contratacoes as frangas vao tomar no oi",True
"Quem esse time",False
"Pior cego e o burro",False
"Se o seu dinheiro for fruto de corrupcao vc devera ser preso sim ",False
"SUA BATATA JA ESQUENTOU SEU BEBADO E LADRAO DO POVOCADEIA NELES DRSERGIO MORO ",True
"ADVOGADO DE BANDIDO E BANDIDO IGUAL E TEM QUE SER EXTERMINADO",True
"ACHO QUE O AECIO NAO TELEFONOU PARA O JUIZECO HOJE TA DANDO PITI DE SAUDADES KKKKK",True
"A mamis ja foi ne Mas eu chamo sua mulher  de mamis Sabe nada inocente",True
"AdiANALdo  A prega no final continua firme e forte ",True
"Igual a da sua mamis Uma prega indestrutivel  kkkkkkkkkkk",True
"Ruy vc acreditava no Japa da Federal tb ne Jumento",True
"Entrou no seu fedidinho Junior  Esse ui e proprio da sua gayzisse",True
"O dia do seu macho vai chegar Aguarde compre lenco pro choro Esterco humano",True
"Alexandre esta maluco so pode comeu titica quando crianca",True
"Olha se fosse assim ja tinham prendido e esquartejado o luladrao e kd ",True
"Junior no nome e marmota nas atitudes Ooooooo sujeitando tapado",True
"Acordem Trouxinhas A casa esta caindo",False
"A bixaria coxa ta no desespero ",False
"a bixaria da mortadela ta no desespero",False
"La vem mais um afeminado Peta invadir comentario alheio Uiiiiiiii nojentaaaa",True
"quando sua me devolver o troco de R  pelo servico oral que ela me fez",True
"Adinaldo kkkkkkkkkkkk De novo defe cando mortadela",True
"Nao Junior Soares Defequei uns juniorizinhos soares aqui",True
"Todos com o nordeste sempre os bandidos estao todos no sudeste",True
"ceis tao tudo e dano buesta cai esse ano",False
"Esse BOFE do Joao Paulo alem de ser LINDO deve ter um PAUlo MARAVILHOSO Noizinhas do MENGAO amamos SRNSomos Rabudas Negao  dcm DIAMETRO CRFCheirinho R Fedida",True
"NOIZINHAS do MENGAO temos um URUBU que se chama NKU para os jogos neste ano contra os BOFES dos outros times devemos levar NKU ou deixar NKU Por favor o que devemos fazer SRNSomos Rabudas Negao  dcm DIAMETRO CRFCheirinho R Fedida",True
"Mais umo povinho idota",False
"Menor fica minha piroka quanto mais da metade ja ta dentro docusso da sua mae",True
"Enquanto issoO Palmerda bi rebaixado continua sem mundial Kkkkkkkkkkkkkkkkkkkkkkkkkkkkk",True
"Cabra frouxo",False
"Arregao",False
"Faltou uma opcao Ele virou homem",False
"Vai procurar uma pra mamar Freddie Mercury E o melhor que saber fazer rubroneca",True
"Velho babao para de falar asneiras na nossa pagina",True
"Sonha boneca",True
"Aa que isso  as tricoletes estao descontroladas",True
"RUBRONECAS",True
"Vai retocar a maquiagem tricolete O frufru nao come ninguem ele e comido ",True
"IDOLO DO FUDINENSE E SERIE B TEVE QUE ENTRAR NA JUSTICAO PRA NAO CAIR",True
"As rosquinhas das tricoletes estao ardendo por causa do Conca Pode   ",True
"Dorzinha de cotovelo e coisa de florzinha einMimimimi ",True
"As Florzinhas ficaram chateadas KKKKKKKKKKKKKKKKKKKKKKKK",True
"Mulambos subornadores paguem a Serie B",True
"Meigos eles sao mas cheiroso nao Fedem a Urubu",True
"Eu quero ver o Abel brucututreinando esse time de bonequinhasnao vai da certo ",True
"Paulo cid mata baratas quando ele assinar o contrato depois de um mes ja recebe o salario integral ou vc acha que ele vem da china para o fra e vai ficar  meses sem receber Nao acredite em tudo que sua diretoria fala inocente",False
"minha diretoria e transparente e nao mente igual a  de voces nao tudo q o flamengo fala e concreto e fato tem credibilidade",False
"so queria dizer que   po de arroz e maquiagem    sem mais  ha e antes que eu me esqueca paguem as series b  ",False
"Se a empresa concorrente da sua te oferecesse um super contrato de trabalho voce trocaria de empresa Quanta gente hipocrita nessa torcida do fluminense aff",False
"So ve um lado da historia voce Se eu to com a vida ganha ganhando quase  milhoes por mes durante  anos por culpa do Fluminense pq ele nao era nada antes disso Eu sinceramente jogava ate  de graca Essa era a obrigacao dele A melhor forma de retribui essa vida boa que ele ganhou gracas ao Fluminense O que e  mil perto de tudo que ja ganhou  Isso se chama ganancia mercenario nao e idolo",False
"KKKKKKKK COM UNS CARAS DESSES QUEM QUER JOGAR NO FUDINENSE ",True
"Bbcas serie c vcs nao saben Separar quantos trocaram de lado epoca de doval dos trocas Fla x flu vasco x bota Jogadores marcaram epoca e historias Vcs sao eternos serie c ",False
"A calcinha da tua mae ja tirei faz tempo e com facilidade pergunta pra ela",True
"desde que ele contribua e a gente levante a taca ta de boa o flamengo so vai pagar quando ele comecar a jogar mesmo",False
"Maycon ate admito que o negocio em si foi bom para o Fla mas atualmente nao acredito em nenhuma das duas coisas nem que ele va jogar bem e nem que o Fla levante alguma taca esse ano kkkkk",False
"Rafael dois finalistas da Libertadores do ano passado Um deles titular da selecao Equatoriana o outro futuro camisa  da selecao Ambos ja sondados por clubes da Europa Quem vai dar certo mesmo e o Conquinha com  anos e todo bichado kkkkkkkk",False
"estao melando as calcinhas as tricoflorzinhas",True
"Comparacao sem nexo Tyson passou quanto tempo no auge pra chegar a fazer isso e tu sabes o motivo  Tyson e um mito que infelizmente se perdeu no fim de carreira",False
"Nao entendi essa comparacao o Tyson nunca foi um exemplo pra nada muito menos no ambito psicologico",False
"sempre disseram que a ronda nunca pegou uma adversaria de verdade qdo pegou alguem que bate forte mesmo afinou ela vivia correndo da ciborg pq sabia que ia perder as vezes nem e medo de apanhar e sim de parar de lucrar ",False
"Mas ela nao parou de lucrar perdendo inclusive nessa ultima do valor total  foi o valor pago so pra ela",False
"Imperador isso e balela Entao as outras nao sao adversarios de verdade E o mesmo que eu dissesse que Anderson Silva nunca pegou oponente de verdae quando pegou um bom wrestling perdeu duas ",False
"E so colocam ele pra pegar as novas safras ai e q a surra e pior ainda essa luta nao passa nem do o round podia colocar ele contra os semiaposentados pra ver se tinha alguma chance",False
"Na categoria so TJ tem chance consideravel Cruz tambem mas menos no entanto ainda apostaria em Cody Ja contra Aldo ele nao seria o favorito Aldo usaria  bem os jabs e os low kicks e faria uma luta estrategica",False
"A historia desse cara com o moleque que subiu no octagon pra receber o cinturao e muito louca O cara pode ate ser sangue no olho mas o que ele fez pra ajudar o moleque nao e qualquer um que faz",False
"Nao e afoito nao Contra o Cruz foi muito paciente atraindoo para trocacao franca So deu blitz contra os adversarios anteriores contra quem tinha grande confianca nao sem motivo de que botaria para dormir",False
"Vich todo evento ta caindo luta do card principal  Ta na hora do Dana comecar a ter substitutos pra esse tipo d situacao q faz tempo q ja deixou de ser inusitada  ",False
"Cruz so tem agilidade mesmo poder de nocaute zero o Cody veio muito mais preparado por isso levou essa",False
"Meus caros amigos enigmaticosNao deveriam comparalo ao Tyson Tyson e um grande mito do boxe  mas que deixou a desejar no lado pessoal  Entao se nao e bom no lado pessoal ou no profissional o cara nao e completo Chequei nesse raciocinio assistindo o Faustao       ",False
"Ele chamava pra atras da escola e sentava nos garotos kkkk",True
"Jhalim Rabei ate fiquei assustado comecei a ler seu comentario pensei que ele Connorlevava os meninos para tras da escola e dava a bunda para eles KKKKKKK",False
"Irmao Honorato sempre falando verdades e agindo com a razao ao inves da emocao diferente dos tupims Te amo seu lindo",False
